Cluster,recency_days,num_orders,total_revenue,avg_order_value,avg_items_per_order,profit_margin,total_profit,n_unique_products,avg_discount
0,88.23076923076923,18.56993006993007,5117.8093982517485,306.41359230455794,3.8613098793242693,0.15548295989547364,842.3768297202797,18.45104895104895,0.14153775045790662
1,179.8422090729783,9.236686390532544,1643.9987621301775,183.56048753031885,3.747718573275482,0.0847210893342469,89.69871479289942,9.205128205128204,0.16647571318472817
